faultNumber,statistic,simulationRun,far,fdr,delay_samples,delay_minutes,detected,detected_at_chance,fdr_h1,fdr_h2,persistence_gap
0,T2,1,0.014583333333333334,,,,False,False,,,
0,SPE,1,0.028125,,,,False,False,,,
1,T2,1,0.0,0.99375,6.0,18.0,True,False,0.9875,1.0,-0.012499999999999956
1,SPE,1,0.025,0.9975,2.0,6.0,True,False,0.995,1.0,-0.0050000000000000044
2,T2,1,0.00625,0.9825,14.0,42.0,True,False,0.965,1.0,-0.03500000000000003
2,SPE,1,0.05,0.98875,10.0,30.0,True,False,0.9775,1.0,-0.022499999999999964
3,T2,1,0.00625,0.045,42.0,126.0,True,True,0.055,0.035,0.019999999999999997
3,SPE,1,0.125,0.0375,537.0,1611.0,True,True,0.0275,0.0475,-0.02
4,T2,1,0.0125,0.42,63.0,189.0,True,False,0.48,0.36,0.12
4,SPE,1,0.03125,0.98375,4.0,12.0,True,False,0.9775,0.99,-0.012499999999999956
5,T2,1,0.0125,0.28375,0.0,0.0,True,False,0.55,0.0175,0.5325000000000001
5,SPE,1,0.03125,0.29125,2.0,6.0,True,False,0.5325,0.05,0.4825
6,T2,1,0.0,0.99375,5.0,15.0,True,False,0.9875,1.0,-0.012499999999999956
6,SPE,1,0.0125,1.0,0.0,0.0,True,False,1.0,1.0,0.0
7,T2,1,0.0,1.0,0.0,0.0,True,False,1.0,1.0,0.0
7,SPE,1,0.0125,1.0,0.0,0.0,True,False,1.0,1.0,0.0
8,T2,1,0.0,0.97375,22.0,66.0,True,False,0.9475,1.0,-0.05249999999999999
8,SPE,1,0.00625,0.97375,21.0,63.0,True,False,0.9525,0.995,-0.04249999999999998
9,T2,1,0.05,0.03125,5.0,15.0,True,True,0.0275,0.035,-0.007500000000000003
9,SPE,1,0.04375,0.0575,223.0,669.0,True,True,0.07,0.045,0.02500000000000001
10,T2,1,0.0,0.46375,22.0,66.0,True,False,0.3075,0.62,-0.3125
10,SPE,1,0.01875,0.47125,34.0,102.0,True,False,0.38,0.5625,-0.1825
11,T2,1,0.01875,0.52625,5.0,15.0,True,False,0.5825,0.47,0.11250000000000004
11,SPE,1,0.03125,0.60875,8.0,24.0,True,False,0.6675,0.55,0.11749999999999994
12,T2,1,0.00625,0.9875,2.0,6.0,True,False,0.975,1.0,-0.025000000000000022
12,SPE,1,0.08125,0.975,2.0,6.0,True,False,0.9625,0.9875,-0.025000000000000022
13,T2,1,0.00625,0.95,38.0,114.0,True,False,0.9,1.0,-0.09999999999999998
13,SPE,1,0.0125,0.95375,36.0,108.0,True,False,0.9075,1.0,-0.09250000000000003
14,T2,1,0.00625,0.99625,0.0,0.0,True,False,0.995,0.9975,-0.0025000000000000577
14,SPE,1,0.03125,0.99875,1.0,3.0,True,False,0.9975,1.0,-0.0024999999999999467
15,T2,1,0.0,0.07875,577.0,1731.0,True,True,0.0075,0.15,-0.1425
15,SPE,1,0.03125,0.08375,92.0,276.0,True,True,0.0175,0.15,-0.1325
16,T2,1,0.1375,0.28125,196.0,588.0,True,False,0.1775,0.385,-0.20750000000000002
16,SPE,1,0.05625,0.40375,35.0,105.0,True,False,0.405,0.4025,0.0025000000000000022
17,T2,1,0.0125,0.8075,28.0,84.0,True,False,0.8125,0.8025,0.010000000000000009
17,SPE,1,0.01875,0.945,23.0,69.0,True,False,0.935,0.955,-0.019999999999999907
18,T2,1,0.0,0.8925,88.0,264.0,True,False,0.785,1.0,-0.21499999999999997
18,SPE,1,0.05625,0.905,78.0,234.0,True,False,0.81,1.0,-0.18999999999999995
19,T2,1,0.00625,0.07125,76.0,228.0,True,True,0.0775,0.065,0.012499999999999997
19,SPE,1,0.0125,0.17875,80.0,240.0,True,False,0.17,0.1875,-0.017499999999999988
20,T2,1,0.0,0.44875,84.0,252.0,True,False,0.5,0.3975,0.10249999999999998
20,SPE,1,0.00625,0.55375,80.0,240.0,True,False,0.55,0.5575,-0.007499999999999951
21,T2,1,0.0125,0.39625,284.0,852.0,True,False,0.015,0.7775,-0.7625
21,SPE,1,0.05625,0.5825,241.0,723.0,True,False,0.1925,0.9725,-0.78
