faultNumber,statistic,n_runs,detection_ratio,at_chance_ratio,far_mean,far_std,far_ci_low,far_ci_high,fdr_mean,fdr_std,fdr_ci_low,fdr_ci_high,delay_samples_mean,delay_samples_std,delay_samples_ci_low,delay_samples_ci_high,delay_minutes_mean,delay_minutes_std,delay_minutes_ci_low,delay_minutes_ci_high,fdr_h1_mean,fdr_h1_std,fdr_h1_ci_low,fdr_h1_ci_high,fdr_h2_mean,fdr_h2_std,fdr_h2_ci_low,fdr_h2_ci_high,persistence_gap_mean,persistence_gap_std,persistence_gap_ci_low,persistence_gap_ci_high
0,T2,1,0.0,0.0,0.014583333333333334,,,,,,,,,,,,,,,,,,,,,,,,,,,
1,T2,1,1.0,0.0,0.0,,,,0.99375,,,,6.0,,,,18.0,,,,0.9875,,,,1.0,,,,-0.012499999999999956,,,
2,T2,1,1.0,0.0,0.00625,,,,0.9825,,,,14.0,,,,42.0,,,,0.965,,,,1.0,,,,-0.03500000000000003,,,
3,T2,1,1.0,1.0,0.00625,,,,0.045,,,,42.0,,,,126.0,,,,0.055,,,,0.035,,,,0.019999999999999997,,,
4,T2,1,1.0,0.0,0.0125,,,,0.42,,,,63.0,,,,189.0,,,,0.48,,,,0.36,,,,0.12,,,
5,T2,1,1.0,0.0,0.0125,,,,0.28375,,,,0.0,,,,0.0,,,,0.55,,,,0.0175,,,,0.5325000000000001,,,
6,T2,1,1.0,0.0,0.0,,,,0.99375,,,,5.0,,,,15.0,,,,0.9875,,,,1.0,,,,-0.012499999999999956,,,
7,T2,1,1.0,0.0,0.0,,,,1.0,,,,0.0,,,,0.0,,,,1.0,,,,1.0,,,,0.0,,,
8,T2,1,1.0,0.0,0.0,,,,0.97375,,,,22.0,,,,66.0,,,,0.9475,,,,1.0,,,,-0.05249999999999999,,,
9,T2,1,1.0,1.0,0.05,,,,0.03125,,,,5.0,,,,15.0,,,,0.0275,,,,0.035,,,,-0.007500000000000003,,,
10,T2,1,1.0,0.0,0.0,,,,0.46375,,,,22.0,,,,66.0,,,,0.3075,,,,0.62,,,,-0.3125,,,
11,T2,1,1.0,0.0,0.01875,,,,0.52625,,,,5.0,,,,15.0,,,,0.5825,,,,0.47,,,,0.11250000000000004,,,
12,T2,1,1.0,0.0,0.00625,,,,0.9875,,,,2.0,,,,6.0,,,,0.975,,,,1.0,,,,-0.025000000000000022,,,
13,T2,1,1.0,0.0,0.00625,,,,0.95,,,,38.0,,,,114.0,,,,0.9,,,,1.0,,,,-0.09999999999999998,,,
14,T2,1,1.0,0.0,0.00625,,,,0.99625,,,,0.0,,,,0.0,,,,0.995,,,,0.9975,,,,-0.0025000000000000577,,,
15,T2,1,1.0,1.0,0.0,,,,0.07875,,,,577.0,,,,1731.0,,,,0.0075,,,,0.15,,,,-0.1425,,,
16,T2,1,1.0,0.0,0.1375,,,,0.28125,,,,196.0,,,,588.0,,,,0.1775,,,,0.385,,,,-0.20750000000000002,,,
17,T2,1,1.0,0.0,0.0125,,,,0.8075,,,,28.0,,,,84.0,,,,0.8125,,,,0.8025,,,,0.010000000000000009,,,
18,T2,1,1.0,0.0,0.0,,,,0.8925,,,,88.0,,,,264.0,,,,0.785,,,,1.0,,,,-0.21499999999999997,,,
19,T2,1,1.0,1.0,0.00625,,,,0.07125,,,,76.0,,,,228.0,,,,0.0775,,,,0.065,,,,0.012499999999999997,,,
20,T2,1,1.0,0.0,0.0,,,,0.44875,,,,84.0,,,,252.0,,,,0.5,,,,0.3975,,,,0.10249999999999998,,,
21,T2,1,1.0,0.0,0.0125,,,,0.39625,,,,284.0,,,,852.0,,,,0.015,,,,0.7775,,,,-0.7625,,,
