method,faultNumber,simulationRun,f1,n
kNN (k=5),0,1,0.4846093133385951,960
kNN (k=5),1,1,0.9879822896900696,800
kNN (k=5),2,1,0.986700443318556,800
kNN (k=5),3,1,0.26652221018418204,800
kNN (k=5),4,1,0.29605963791267303,800
kNN (k=5),5,1,0.3175604626708728,800
kNN (k=5),6,1,0.9905362776025236,800
kNN (k=5),7,1,0.7587276958882855,800
kNN (k=5),8,1,0.4189723320158103,800
kNN (k=5),9,1,0.14385150812064965,800
kNN (k=5),10,1,0.12206572769953052,800
kNN (k=5),11,1,0.18799546998867497,800
kNN (k=5),12,1,0.49624060150375937,800
kNN (k=5),13,1,0.3805668016194332,800
kNN (k=5),14,1,0.7887963663890991,800
kNN (k=5),15,1,0.15668202764976957,800
kNN (k=5),16,1,0.09069212410501193,800
kNN (k=5),17,1,0.6743993371996686,800
kNN (k=5),18,1,0.8995873452544704,800
kNN (k=5),19,1,0.5507246376811594,800
kNN (k=5),20,1,0.21627647714604237,800
kNN (k=5),21,1,0.05825242718446602,800
Random Forest,0,1,0.4013322231473772,960
Random Forest,1,1,0.9854153455928979,800
Random Forest,2,1,0.9892608970309539,800
Random Forest,3,1,0.35728952772073924,800
Random Forest,4,1,0.9834815756035579,800
Random Forest,5,1,0.7701767870868562,800
Random Forest,6,1,0.9924433249370277,800
Random Forest,7,1,0.9956057752667922,800
Random Forest,8,1,0.75,800
Random Forest,9,1,0.3210912906610703,800
Random Forest,10,1,0.6026200873362445,800
Random Forest,11,1,0.8086373790022338,800
Random Forest,12,1,0.8636363636363636,800
Random Forest,13,1,0.3263598326359833,800
Random Forest,14,1,0.9723827874116892,800
Random Forest,15,1,0.30687830687830686,800
Random Forest,16,1,0.6206896551724138,800
Random Forest,17,1,0.9590110605074821,800
Random Forest,18,1,0.9196488858879136,800
Random Forest,19,1,0.8988300068823124,800
Random Forest,20,1,0.774885145482389,800
Random Forest,21,1,0.420533070088845,800
